{"cameraMode":{"drawMode":0,"name":"Shaded","section":"Shading Mode"},"sceneLighting":false,"audioPlay":false,"sceneViewState":{"m_AlwaysRefresh":false,"showFog":false,"showSkybox":false,"showFlares":false,"showImageEffects":false,"showParticleSystems":false,"showVisualEffectGraphs":true,"m_FxEnabled":true},"in2DMode":false,"pivot":{"x":0.0005067875608801842,"y":0.009801510721445084,"z":-0.0001561320386826992},"rotation":{"x":0.00706887524574995,"y":-0.978193461894989,"z":0.03376113995909691,"w":0.20481394231319428},"size":0.015047627501189709,"orthographic":false}